類義語,統一語句
公益社団法人川内青年会議所,一般社団法人川内青年会議所
薩摩川内市民及びさつま町民,市民
WEB会議(Zoom),WEB会議
JC運動及び活動,JC運動・活動
川内JCOB会,川内青年会議所OB会
してゆきます,していきます
全体LINE,JCLINE
メンバー達,メンバーたち
ウェブ会議,WEB会議
JCライン,JCLINE
活動・運動,運動・活動
会員拡大,会員拡大
新入会員,新入会員
OB会員,OB会員
目的達成,目的達成
致します,いたします
参ります,まいります
案内文章,案内文書
一人一人,一人ひとり
さまざま,様々
頂きます,いただきます
正会員,正会員
する事,すること
出来る,できる
敢えて,あえて
於いて,おいて
下さい,ください
子供達,子どもたち
自分達,自分たち
分かる,わかる
目的,目的
達成,達成
私達,私たち
ロム,LOM
子供,子ども
頂く,いただく
有り,あり
為に,ために
既に,すでに
無し,なし
先ず,まず
頂き,いただき
会員,メンバー
有る,ある
